branch_id,branch_name,ifsc_code,city,state,region,opening_date
BR0001,Nagpur Branch,BKID0000001,Sambalpur,Haryana,North,2004-05-02
BR0002,Bongaigaon Branch,BKID0000002,Gudivada,Maharashtra,North,2002-03-07
BR0003,Bellary Branch,BKID0000003,Dibrugarh,Punjab,East,2002-01-27
BR0004,Bongaigaon Branch,BKID0000004,Muzaffarnagar,Manipur,South,2013-04-29
BR0005,Kozhikode Branch,BKID0000005,Mau,Himachal Pradesh,South,2004-08-26
BR0006,Kota Branch,BKID0000006,Nadiad,Bihar,South,2008-09-20
BR0007,Mahbubnagar Branch,BKID0000007,Varanasi,Telangana,North,2010-09-24
BR0008,Burhanpur Branch,BKID0000008,Suryapet,Jharkhand,North,2018-02-16
BR0009,Gangtok Branch,BKID0000009,Coimbatore,Arunachal Pradesh,West,2014-10-07
BR0010,Vijayawada Branch,BKID0000010,Salem,Madhya Pradesh,North,2007-02-07
BR0011,Ujjain Branch,BKID0000011,Raichur,Gujarat,North,2014-12-11
BR0012,Narasaraopet Branch,BKID0000012,Deoghar,Telangana,North,2006-06-10
BR0013,Nadiad Branch,BKID0000013,Proddatur,Haryana,South,2015-03-27
BR0014,Berhampur Branch,BKID0000014,Satna,Madhya Pradesh,South,2006-11-24
BR0015,Tezpur Branch,BKID0000015,Rajpur Sonarpur,Rajasthan,North,2011-07-12
BR0016,Asansol Branch,BKID0000016,Kolhapur,Haryana,South,2016-06-10
BR0017,Bhimavaram Branch,BKID0000017,Ballia,Madhya Pradesh,West,2008-10-13
BR0018,Danapur Branch,BKID0000018,Mysore,Tripura,South,2002-06-27
BR0019,Jamnagar Branch,BKID0000019,Bhusawal,Punjab,West,2002-10-25
BR0020,Kavali Branch,BKID0000020,Dehri,Himachal Pradesh,East,2020-12-17
BR0021,Raipur Branch,BKID0000021,Mau,Bihar,North,2007-05-31
BR0022,Malda Branch,BKID0000022,Firozabad,Mizoram,South,2016-10-12
BR0023,Bihar Sharif Branch,BKID0000023,Jamnagar,Kerala,West,2016-10-16
BR0024,Khora  Branch,BKID0000024,Unnao,Andhra Pradesh,East,2003-10-13
BR0025,Aizawl Branch,BKID0000025,Howrah,Haryana,East,2019-02-06
BR0026,Guwahati Branch,BKID0000026,Coimbatore,Tripura,South,2012-03-12
BR0027,Warangal Branch,BKID0000027,Jamalpur,Goa,South,2006-11-04
BR0028,Rajpur Sonarpur Branch,BKID0000028,Bijapur,Madhya Pradesh,East,2021-06-11
BR0029,Bahraich Branch,BKID0000029,Jamshedpur,Haryana,North,2006-01-14
BR0030,Jaipur Branch,BKID0000030,Giridih,Haryana,North,2001-09-08
BR0031,Berhampur Branch,BKID0000031,Patna,West Bengal,West,2008-02-25
BR0032,Alwar Branch,BKID0000032,Kakinada,Nagaland,North,2004-03-10
BR0033,Latur Branch,BKID0000033,Vellore,Gujarat,East,2003-06-06
BR0034,Raichur Branch,BKID0000034,Bulandshahr,Manipur,East,2018-10-26
BR0035,Navi Mumbai Branch,BKID0000035,Sambhal,Telangana,East,2008-04-30
BR0036,Kulti Branch,BKID0000036,Jhansi,Nagaland,North,2010-07-07
BR0037,South Dumdum Branch,BKID0000037,Surendranagar Dudhrej,Haryana,West,2019-01-12
BR0038,Mango Branch,BKID0000038,Dhanbad,Rajasthan,North,2021-07-11
BR0039,Tiruchirappalli Branch,BKID0000039,Rourkela,Maharashtra,West,2011-04-04
BR0040,Rewa Branch,BKID0000040,Dehradun,Madhya Pradesh,North,2001-08-02
BR0041,Bilaspur Branch,BKID0000041,Baranagar,Maharashtra,East,2015-06-22
BR0042,Bhatpara Branch,BKID0000042,Sagar,Gujarat,East,2020-11-30
BR0043,Satara Branch,BKID0000043,Dhanbad,Odisha,South,2011-01-29
BR0044,Howrah Branch,BKID0000044,Gaya,Assam,North,2013-06-11
BR0045,Sambhal Branch,BKID0000045,Jehanabad,Haryana,North,2013-02-13
BR0046,Udupi Branch,BKID0000046,Gurgaon,Sikkim,South,2013-03-20
BR0047,Bhilwara Branch,BKID0000047,Satara,Haryana,East,2006-11-09
BR0048,Dewas Branch,BKID0000048,Satna,Tripura,North,2020-04-03
BR0049,Berhampore Branch,BKID0000049,Srinagar,Nagaland,South,2005-10-21
BR0050,Mira-Bhayandar Branch,BKID0000050,Coimbatore,Haryana,North,2008-12-07
BR0051,Bahraich Branch,BKID0000051,Pudukkottai,Uttar Pradesh,West,2014-08-15
BR0052,Begusarai Branch,BKID0000052,Vasai-Virar,Chhattisgarh,East,2006-10-31
BR0053,Begusarai Branch,BKID0000053,Darbhanga,Jharkhand,West,2013-08-21
BR0054,Kurnool Branch,BKID0000054,Dibrugarh,Meghalaya,East,2006-07-26
BR0055,Tiruchirappalli Branch,BKID0000055,Bally,Arunachal Pradesh,South,2001-08-12
BR0056,Firozabad Branch,BKID0000056,Mango,Nagaland,East,2015-08-28
BR0057,Gorakhpur Branch,BKID0000057,Jalgaon,Nagaland,East,2002-04-07
BR0058,Ballia Branch,BKID0000058,Chinsurah,Chhattisgarh,South,2002-05-19
BR0059,Thane Branch,BKID0000059,Bhagalpur,Sikkim,East,2006-07-14
BR0060,Raichur Branch,BKID0000060,Udupi,Telangana,North,2004-08-19
BR0061,Ujjain Branch,BKID0000061,Haridwar,Andhra Pradesh,South,2005-02-17
BR0062,Bulandshahr Branch,BKID0000062,Shimoga,Goa,South,2017-04-15
BR0063,Eluru Branch,BKID0000063,Nandyal,Haryana,South,2005-07-14
BR0064,Etawah Branch,BKID0000064,Ambattur,Haryana,West,2002-01-06
BR0065,Silchar Branch,BKID0000065,Alwar,West Bengal,West,2002-12-07
BR0066,Etawah Branch,BKID0000066,Jorhat,Karnataka,East,2020-04-29
BR0067,Bhilwara Branch,BKID0000067,Amaravati,Himachal Pradesh,South,2002-04-23
BR0068,Hapur Branch,BKID0000068,Junagadh,Punjab,East,2021-03-23
BR0069,Kharagpur Branch,BKID0000069,Rohtak,Arunachal Pradesh,North,2015-09-19
BR0070,Saharsa Branch,BKID0000070,Bharatpur,Maharashtra,South,2002-12-11
BR0071,Satara Branch,BKID0000071,Dewas,Mizoram,North,2007-09-24
BR0072,Khammam Branch,BKID0000072,Sagar,Nagaland,East,2004-02-02
BR0073,Nadiad Branch,BKID0000073,Tadepalligudem,Odisha,West,2007-07-25
BR0074,Avadi Branch,BKID0000074,Bhagalpur,Maharashtra,East,2017-04-04
BR0075,Kirari Suleman Nagar Branch,BKID0000075,Mango,Sikkim,North,2005-10-25
BR0076,Gulbarga Branch,BKID0000076,Anantapuram,Mizoram,South,2014-10-26
BR0077,Tiruchirappalli Branch,BKID0000077,Tirupati,Haryana,East,2017-09-03
BR0078,Nagpur Branch,BKID0000078,Sambalpur,Meghalaya,South,2013-10-07
BR0079,Sirsa Branch,BKID0000079,Ramgarh,Gujarat,West,2015-11-28
BR0080,Shimla Branch,BKID0000080,Latur,Chhattisgarh,West,2014-08-30
BR0081,Aligarh Branch,BKID0000081,Muzaffarnagar,Goa,West,2017-08-16
BR0082,Dhanbad Branch,BKID0000082,Bhilai,Manipur,South,2004-03-17
BR0083,Bettiah Branch,BKID0000083,Mango,Punjab,East,2017-11-03
BR0084,Motihari Branch,BKID0000084,Kozhikode,Telangana,South,2018-10-09
BR0085,Rampur Branch,BKID0000085,Bally,Tripura,South,2017-02-04
BR0086,Mathura Branch,BKID0000086,Gandhidham,Assam,East,2015-10-24
BR0087,Darbhanga Branch,BKID0000087,Imphal,Nagaland,West,2003-02-26
BR0088,Ahmednagar Branch,BKID0000088,Jamnagar,Tamil Nadu,West,2005-10-27
BR0089,Vellore Branch,BKID0000089,Hosur,Manipur,East,2009-11-09
BR0090,Bidar Branch,BKID0000090,Bhimavaram,Tamil Nadu,South,2001-12-07
BR0091,Morena Branch,BKID0000091,Nagercoil,Jharkhand,South,2016-08-11
BR0092,Siwan Branch,BKID0000092,Morbi,Haryana,West,2007-01-01
BR0093,Bhopal Branch,BKID0000093,Naihati,Sikkim,North,2015-02-15
BR0094,Dehradun Branch,BKID0000094,Warangal,Punjab,North,2012-03-23
BR0095,Guntakal Branch,BKID0000095,Gwalior,Rajasthan,North,2010-02-11
BR0096,South Dumdum Branch,BKID0000096,Bhilwara,Madhya Pradesh,South,2008-02-02
BR0097,Khammam Branch,BKID0000097,Nadiad,Himachal Pradesh,South,2016-07-31
BR0098,Nizamabad Branch,BKID0000098,Nandyal,Andhra Pradesh,West,2016-07-09
BR0099,Etawah Branch,BKID0000099,Coimbatore,Tripura,North,2020-09-08
BR0100,Ludhiana Branch,BKID0000100,Kollam,Uttarakhand,West,2001-12-13
BR0101,Mathura Branch,BKID0000101,Bhalswa Jahangir Pur,Sikkim,West,2003-10-31
BR0102,Kirari Suleman Nagar Branch,BKID0000102,Arrah,Goa,West,2013-08-29
BR0103,Ujjain Branch,BKID0000103,Moradabad,Odisha,East,2002-01-21
BR0104,Ramgarh Branch,BKID0000104,Sikar,Tamil Nadu,North,2005-07-05
BR0105,Kota Branch,BKID0000105,Ghaziabad,Uttar Pradesh,North,2003-12-19
BR0106,Sri Ganganagar Branch,BKID0000106,Uluberia,Assam,East,2011-08-30
BR0107,Ahmedabad Branch,BKID0000107,Unnao,Bihar,East,2010-03-19
BR0108,Jaunpur Branch,BKID0000108,Raebareli,Goa,North,2016-03-20
BR0109,Tadepalligudem Branch,BKID0000109,Kirari Suleman Nagar,Maharashtra,East,2018-01-21
BR0110,North Dumdum Branch,BKID0000110,Chandigarh,Himachal Pradesh,West,2019-03-05
BR0111,Madhyamgram Branch,BKID0000111,Naihati,Andhra Pradesh,South,2011-06-06
BR0112,South Dumdum Branch,BKID0000112,Rajpur Sonarpur,Kerala,West,2017-07-01
BR0113,Parbhani Branch,BKID0000113,Miryalaguda,Andhra Pradesh,North,2011-11-16
BR0114,Guwahati Branch,BKID0000114,Vellore,Meghalaya,East,2012-08-24
BR0115,Fatehpur Branch,BKID0000115,Sultan Pur Majra,Uttar Pradesh,South,2001-11-20
BR0116,Korba Branch,BKID0000116,Latur,Jharkhand,North,2014-10-27
BR0117,Bhalswa Jahangir Pur Branch,BKID0000117,Khandwa,Telangana,East,2012-07-20
BR0118,Malda Branch,BKID0000118,Farrukhabad,Himachal Pradesh,South,2006-02-25
BR0119,Satna Branch,BKID0000119,Jorhat,Tripura,South,2015-05-06
BR0120,Thrissur Branch,BKID0000120,Bally,Telangana,East,2013-05-02
BR0121,Salem Branch,BKID0000121,Sagar,Haryana,South,2008-10-04
BR0122,Kanpur Branch,BKID0000122,Panipat,Arunachal Pradesh,North,2021-01-10
BR0123,Cuttack Branch,BKID0000123,Kota,West Bengal,East,2001-10-15
BR0124,Nandyal Branch,BKID0000124,Gandhidham,Karnataka,West,2005-03-25
BR0125,Nizamabad Branch,BKID0000125,Raipur,Uttarakhand,North,2002-11-07
BR0126,Srinagar Branch,BKID0000126,Saharanpur,Chhattisgarh,North,2017-10-06
BR0127,Guwahati Branch,BKID0000127,Kochi,Nagaland,East,2016-10-30
BR0128,Nagaon Branch,BKID0000128,Hospet,Manipur,East,2007-06-28
BR0129,Farrukhabad Branch,BKID0000129,Phagwara,Telangana,South,2003-07-12
BR0130,Rajpur Sonarpur Branch,BKID0000130,Jodhpur,Goa,North,2006-05-04
BR0131,Sangli-Miraj & Kupwad Branch,BKID0000131,Alappuzha,Manipur,South,2015-05-01
BR0132,Jalna Branch,BKID0000132,Ahmednagar,Jharkhand,North,2015-09-06
BR0133,Madurai Branch,BKID0000133,Bilaspur,Uttar Pradesh,North,2017-05-14
BR0134,Khandwa Branch,BKID0000134,Tinsukia,Haryana,West,2014-06-30
BR0135,Ajmer Branch,BKID0000135,Allahabad,Goa,North,2017-05-24
BR0136,Bahraich Branch,BKID0000136,Bhind,Tamil Nadu,South,2007-08-17
BR0137,Darbhanga Branch,BKID0000137,Bahraich,Assam,South,2013-07-03
BR0138,North Dumdum Branch,BKID0000138,Indore,Assam,West,2006-02-14
BR0139,Agartala Branch,BKID0000139,Akola,Meghalaya,South,2011-12-03
BR0140,Alwar Branch,BKID0000140,Bhimavaram,Maharashtra,East,2014-03-28
BR0141,Mysore Branch,BKID0000141,Karnal,Maharashtra,West,2008-03-17
BR0142,Nanded Branch,BKID0000142,Bulandshahr,Tamil Nadu,South,2011-06-14
BR0143,Jamalpur Branch,BKID0000143,Malda,Assam,South,2007-11-01
BR0144,Bhiwandi Branch,BKID0000144,Kottayam,Uttarakhand,East,2021-04-21
BR0145,Haridwar Branch,BKID0000145,Maheshtala,Mizoram,West,2008-10-11
BR0146,Mango Branch,BKID0000146,Kurnool,Himachal Pradesh,East,2012-07-11
BR0147,Bahraich Branch,BKID0000147,Bhilai,Andhra Pradesh,West,2021-01-01
BR0148,Kozhikode Branch,BKID0000148,Suryapet,Andhra Pradesh,West,2012-08-02
BR0149,Kamarhati Branch,BKID0000149,Surendranagar Dudhrej,Bihar,North,2014-06-30
BR0150,Panchkula Branch,BKID0000150,Danapur,Tamil Nadu,South,2007-01-05
BR0151,Chittoor Branch,BKID0000151,Sirsa,Nagaland,South,2004-06-08
BR0152,Khora  Branch,BKID0000152,Coimbatore,Himachal Pradesh,North,2016-12-29
BR0153,Mau Branch,BKID0000153,Delhi,Jharkhand,East,2016-01-24
BR0154,Jalgaon Branch,BKID0000154,Siwan,Meghalaya,North,2008-06-11
BR0155,Sirsa Branch,BKID0000155,Maheshtala,Tamil Nadu,South,2006-04-27
BR0156,Muzaffarpur Branch,BKID0000156,Varanasi,Karnataka,South,2016-06-08
BR0157,Kharagpur Branch,BKID0000157,Shimla,Arunachal Pradesh,North,2004-01-26
BR0158,Salem Branch,BKID0000158,Salem,Mizoram,North,2019-10-01
BR0159,Asansol Branch,BKID0000159,Bhatpara,Assam,North,2010-12-07
BR0160,Sonipat Branch,BKID0000160,Jodhpur,West Bengal,South,2008-02-11
BR0161,Ratlam Branch,BKID0000161,Hosur,Arunachal Pradesh,North,2013-11-21
BR0162,Tumkur Branch,BKID0000162,Mysore,Maharashtra,North,2021-02-08
BR0163,Raiganj Branch,BKID0000163,Dewas,Andhra Pradesh,East,2002-06-18
BR0164,Durg Branch,BKID0000164,Dindigul,Maharashtra,North,2004-06-15
BR0165,Buxar Branch,BKID0000165,Tirunelveli,Goa,South,2003-02-14
BR0166,Udupi Branch,BKID0000166,Mehsana,Odisha,East,2004-05-28
BR0167,Rohtak Branch,BKID0000167,Rohtak,Sikkim,West,2001-09-24
BR0168,Tumkur Branch,BKID0000168,Srinagar,Manipur,South,2020-06-12
BR0169,Khandwa Branch,BKID0000169,Sirsa,West Bengal,South,2007-08-02
BR0170,Karawal Nagar Branch,BKID0000170,Patiala,Madhya Pradesh,West,2012-12-24
BR0171,Sagar Branch,BKID0000171,Tenali,Himachal Pradesh,South,2001-09-15
BR0172,Medininagar Branch,BKID0000172,Baranagar,Tripura,West,2017-07-08
BR0173,Muzaffarnagar Branch,BKID0000173,Udupi,Himachal Pradesh,West,2015-02-05
BR0174,Jalandhar Branch,BKID0000174,Tirupati,Uttar Pradesh,South,2010-05-11
BR0175,Mira-Bhayandar Branch,BKID0000175,Sagar,Karnataka,North,2016-06-28
BR0176,Kollam Branch,BKID0000176,Panvel,Kerala,North,2012-02-28
BR0177,Dehradun Branch,BKID0000177,Ongole,Uttar Pradesh,West,2007-06-12
BR0178,Raipur Branch,BKID0000178,Aurangabad,Chhattisgarh,East,2016-08-16
BR0179,Sikar Branch,BKID0000179,Mysore,Uttar Pradesh,West,2009-06-07
BR0180,Jorhat Branch,BKID0000180,Malda,Kerala,West,2014-12-31
BR0181,Bhimavaram Branch,BKID0000181,Serampore,Bihar,West,2015-01-15
BR0182,Nagpur Branch,BKID0000182,Phagwara,Haryana,North,2014-06-30
BR0183,Barasat Branch,BKID0000183,Bhiwandi,Chhattisgarh,North,2002-06-14
BR0184,Avadi Branch,BKID0000184,Bhiwandi,Bihar,North,2006-03-28
BR0185,Munger Branch,BKID0000185,Uluberia,Sikkim,West,2020-07-12
BR0186,Dharmavaram Branch,BKID0000186,Vijayanagaram,Rajasthan,East,2003-07-11
BR0187,Tadepalligudem Branch,BKID0000187,Parbhani,Arunachal Pradesh,North,2015-05-07
BR0188,Raiganj Branch,BKID0000188,Noida,West Bengal,South,2008-10-18
BR0189,Tinsukia Branch,BKID0000189,Ghaziabad,Madhya Pradesh,South,2007-01-23
BR0190,Malda Branch,BKID0000190,Rajpur Sonarpur,Rajasthan,South,2014-05-01
BR0191,Dhanbad Branch,BKID0000191,Latur,Chhattisgarh,West,2017-04-13
BR0192,Coimbatore Branch,BKID0000192,Dharmavaram,Gujarat,South,2017-10-20
BR0193,Ozhukarai Branch,BKID0000193,Kavali,Andhra Pradesh,West,2007-02-02
BR0194,Bikaner Branch,BKID0000194,Akola,Bihar,South,2014-10-06
BR0195,Mira-Bhayandar Branch,BKID0000195,Secunderabad,Uttar Pradesh,East,2017-04-23
BR0196,Pune Branch,BKID0000196,Bilaspur,Arunachal Pradesh,West,2004-01-29
BR0197,Hajipur Branch,BKID0000197,Rajkot,Meghalaya,South,2010-07-05
BR0198,Anand Branch,BKID0000198,Bidhannagar,Mizoram,North,2005-12-22
BR0199,Saharsa Branch,BKID0000199,Berhampore,Rajasthan,West,2020-10-27
BR0200,Nangloi Jat Branch,BKID0000200,Purnia,Sikkim,North,2003-09-14
BR0201,Srinagar Branch,BKID0000201,Pondicherry,Punjab,North,2004-07-05
BR0202,Panipat Branch,BKID0000202,Eluru,Punjab,North,2012-02-26
BR0203,Dibrugarh Branch,BKID0000203,Navi Mumbai,Uttar Pradesh,North,2015-07-30
BR0204,Chinsurah Branch,BKID0000204,Ambattur,Maharashtra,South,2008-04-27
BR0205,Silchar Branch,BKID0000205,Bareilly,Karnataka,South,2010-01-29
BR0206,Dindigul Branch,BKID0000206,Bhalswa Jahangir Pur,Assam,West,2003-05-15
BR0207,Tiruchirappalli Branch,BKID0000207,Jalandhar,Telangana,West,2016-04-26
BR0208,Miryalaguda Branch,BKID0000208,Dharmavaram,Nagaland,West,2012-10-10
BR0209,Bulandshahr Branch,BKID0000209,Bhusawal,West Bengal,South,2019-11-10
BR0210,Tumkur Branch,BKID0000210,Nagercoil,Bihar,West,2013-02-06
BR0211,Bhatpara Branch,BKID0000211,Rajahmundry,West Bengal,North,2003-09-16
BR0212,Raipur Branch,BKID0000212,Chapra,Haryana,South,2017-09-07
BR0213,Narasaraopet Branch,BKID0000213,Bhopal,Goa,West,2007-01-03
BR0214,Sonipat Branch,BKID0000214,Chennai,Goa,North,2018-12-09
BR0215,Coimbatore Branch,BKID0000215,Ludhiana,Assam,West,2016-06-18
BR0216,Gandhinagar Branch,BKID0000216,Malda,Karnataka,East,2004-09-09
BR0217,Anantapur Branch,BKID0000217,Faridabad,Chhattisgarh,West,2004-09-09
BR0218,Jodhpur Branch,BKID0000218,Mango,Sikkim,East,2010-01-09
BR0219,Vijayanagaram Branch,BKID0000219,Thrissur,Tripura,West,2011-10-16
BR0220,Chinsurah Branch,BKID0000220,Anantapuram,Sikkim,West,2015-02-10
BR0221,Hajipur Branch,BKID0000221,Ranchi,Haryana,South,2009-06-13
BR0222,Chennai Branch,BKID0000222,Barasat,Gujarat,South,2016-11-20
BR0223,Ramagundam Branch,BKID0000223,Jamshedpur,Andhra Pradesh,East,2011-06-28
BR0224,Akola Branch,BKID0000224,Nadiad,Nagaland,South,2015-08-13
BR0225,Madurai Branch,BKID0000225,Kalyan-Dombivli,Maharashtra,North,2001-12-01
BR0226,Satara Branch,BKID0000226,Chapra,Madhya Pradesh,North,2015-09-25
BR0227,Ramagundam Branch,BKID0000227,Machilipatnam,Andhra Pradesh,East,2020-11-12
BR0228,Tadipatri Branch,BKID0000228,Mirzapur,Assam,North,2010-04-11
BR0229,Latur Branch,BKID0000229,Giridih,Madhya Pradesh,North,2012-01-09
BR0230,Tirupati Branch,BKID0000230,Korba,Karnataka,West,2017-02-14
BR0231,Sasaram Branch,BKID0000231,Bettiah,Mizoram,South,2005-06-03
BR0232,Etawah Branch,BKID0000232,Noida,Bihar,North,2004-06-21
BR0233,Malegaon Branch,BKID0000233,Aurangabad,Goa,North,2020-07-26
BR0234,Madhyamgram Branch,BKID0000234,Buxar,Rajasthan,South,2014-04-01
BR0235,Satna Branch,BKID0000235,Gandhidham,Assam,North,2010-12-02
BR0236,Panipat Branch,BKID0000236,Nagercoil,Mizoram,North,2003-01-10
BR0237,Bidhannagar Branch,BKID0000237,Howrah,Kerala,South,2018-03-05
BR0238,Mysore Branch,BKID0000238,Surendranagar Dudhrej,Odisha,West,2012-08-17
BR0239,Hospet Branch,BKID0000239,Pondicherry,Punjab,North,2011-01-20
BR0240,Ghaziabad Branch,BKID0000240,Kota,Uttar Pradesh,South,2019-07-11
BR0241,Guwahati Branch,BKID0000241,Thane,Haryana,North,2015-09-11
BR0242,Loni Branch,BKID0000242,Bharatpur,Kerala,North,2019-11-25
BR0243,Alappuzha Branch,BKID0000243,Khora ,Arunachal Pradesh,West,2017-04-29
BR0244,Amritsar Branch,BKID0000244,Bareilly,Nagaland,East,2015-02-09
BR0245,Nizamabad Branch,BKID0000245,Thoothukudi,Assam,East,2013-03-13
BR0246,Etawah Branch,BKID0000246,Katni,Chhattisgarh,South,2013-06-11
BR0247,Tirupati Branch,BKID0000247,Ozhukarai,Uttarakhand,East,2004-02-06
BR0248,Bhusawal Branch,BKID0000248,Surat,Kerala,South,2007-09-20
BR0249,Mau Branch,BKID0000249,Nellore,Haryana,East,2021-07-16
BR0250,Solapur Branch,BKID0000250,Salem,Mizoram,West,2016-12-16
BR0251,Naihati Branch,BKID0000251,Kavali,Madhya Pradesh,South,2004-08-17
BR0252,Dehradun Branch,BKID0000252,Varanasi,Maharashtra,East,2008-10-29
BR0253,Raiganj Branch,BKID0000253,Sultan Pur Majra,Haryana,West,2012-03-22
BR0254,Nandyal Branch,BKID0000254,Arrah,Sikkim,East,2020-06-25
BR0255,Surendranagar Dudhrej Branch,BKID0000255,Eluru,Mizoram,North,2012-02-03
BR0256,Kollam Branch,BKID0000256,Chandrapur,Arunachal Pradesh,North,2014-05-14
BR0257,Begusarai Branch,BKID0000257,Hazaribagh,West Bengal,West,2004-01-14
BR0258,Nanded Branch,BKID0000258,Hospet,Mizoram,North,2004-06-28
BR0259,Mysore Branch,BKID0000259,Hospet,Kerala,North,2020-02-25
BR0260,Meerut Branch,BKID0000260,Ambala,Kerala,South,2006-04-05
BR0261,Dindigul Branch,BKID0000261,Bhopal,Karnataka,East,2020-02-27
BR0262,Ulhasnagar Branch,BKID0000262,Agra,Jharkhand,South,2019-11-21
BR0263,Kolhapur Branch,BKID0000263,Sultan Pur Majra,Punjab,East,2001-08-25
BR0264,Surat Branch,BKID0000264,Thrissur,Uttarakhand,North,2004-07-14
BR0265,Bhubaneswar Branch,BKID0000265,Patiala,Jharkhand,South,2003-12-24
BR0266,Gurgaon Branch,BKID0000266,Rajkot,Bihar,East,2018-04-11
BR0267,Kavali Branch,BKID0000267,Kottayam,Odisha,East,2006-05-20
BR0268,Jalna Branch,BKID0000268,Mumbai,Punjab,South,2008-08-06
BR0269,Gaya Branch,BKID0000269,Loni,Kerala,West,2002-11-24
BR0270,Pali Branch,BKID0000270,Varanasi,Rajasthan,East,2009-04-12
BR0271,Nizamabad Branch,BKID0000271,Raurkela Industrial Township,Uttar Pradesh,North,2002-11-23
BR0272,Vasai-Virar Branch,BKID0000272,Guntur,Arunachal Pradesh,East,2008-08-03
BR0273,Akola Branch,BKID0000273,Nangloi Jat,Rajasthan,North,2005-03-10
BR0274,Rajkot Branch,BKID0000274,Vadodara,Jharkhand,South,2005-07-29
BR0275,Kalyan-Dombivli Branch,BKID0000275,Tirupati,Mizoram,East,2009-07-04
BR0276,Nizamabad Branch,BKID0000276,Jhansi,Jharkhand,North,2008-09-06
BR0277,Bathinda Branch,BKID0000277,Amravati,Uttar Pradesh,North,2008-11-26
BR0278,Gandhidham Branch,BKID0000278,Sonipat,Goa,South,2011-06-20
BR0279,Arrah Branch,BKID0000279,Gwalior,Telangana,East,2010-01-12
BR0280,Madanapalle Branch,BKID0000280,Bongaigaon,Jharkhand,East,2007-12-20
BR0281,Khammam Branch,BKID0000281,Farrukhabad,Manipur,South,2013-08-05
BR0282,Rourkela Branch,BKID0000282,Etawah,Manipur,East,2002-05-23
BR0283,Srikakulam Branch,BKID0000283,Panipat,Rajasthan,South,2021-02-21
BR0284,Aurangabad Branch,BKID0000284,Bharatpur,Mizoram,East,2017-07-25
BR0285,Ludhiana Branch,BKID0000285,Narasaraopet,Sikkim,West,2017-03-02
BR0286,Cuttack Branch,BKID0000286,Noida,Tripura,East,2014-06-12
BR0287,Yamunanagar Branch,BKID0000287,Mahbubnagar,Chhattisgarh,North,2015-02-14
BR0288,Serampore Branch,BKID0000288,Solapur,Odisha,North,2004-04-18
BR0289,Sikar Branch,BKID0000289,Alwar,Haryana,West,2020-10-01
BR0290,Gaya Branch,BKID0000290,Kadapa,Madhya Pradesh,East,2019-10-24
BR0291,Firozabad Branch,BKID0000291,Amroha,Gujarat,North,2021-06-20
BR0292,Pallavaram Branch,BKID0000292,Bhilai,Chhattisgarh,North,2018-08-07
BR0293,Malegaon Branch,BKID0000293,Chandigarh,Uttar Pradesh,East,2015-03-07
BR0294,Sri Ganganagar Branch,BKID0000294,Jamalpur,Nagaland,South,2007-05-08
BR0295,Sangli-Miraj & Kupwad Branch,BKID0000295,Mirzapur,Mizoram,East,2006-01-10
BR0296,Kolhapur Branch,BKID0000296,Kumbakonam,Andhra Pradesh,South,2008-10-04
BR0297,Bhind Branch,BKID0000297,Pudukkottai,Assam,West,2002-11-10
BR0298,Nangloi Jat Branch,BKID0000298,Alappuzha,Uttarakhand,West,2013-01-15
BR0299,Ratlam Branch,BKID0000299,Hospet,Manipur,North,2015-02-22
BR0300,Warangal Branch,BKID0000300,Bikaner,Maharashtra,North,2011-08-07
BR0301,Amravati Branch,BKID0000301,Avadi,Goa,North,2004-10-13
BR0302,Sri Ganganagar Branch,BKID0000302,Vijayawada,Himachal Pradesh,South,2005-06-20
BR0303,Cuttack Branch,BKID0000303,Srikakulam,Nagaland,North,2003-05-31
BR0304,Guntakal Branch,BKID0000304,Tirunelveli,Sikkim,East,2014-01-12
BR0305,Phusro Branch,BKID0000305,Bhopal,Assam,South,2002-06-15
BR0306,Bhagalpur Branch,BKID0000306,Tadipatri,Rajasthan,West,2002-02-24
BR0307,Barasat Branch,BKID0000307,Sambalpur,Uttar Pradesh,South,2017-09-08
BR0308,Bihar Sharif Branch,BKID0000308,Srinagar,Tamil Nadu,North,2002-09-28
BR0309,Vijayanagaram Branch,BKID0000309,Madhyamgram,Gujarat,East,2008-05-06
BR0310,Satara Branch,BKID0000310,Hapur,Madhya Pradesh,East,2004-02-28
BR0311,Kottayam Branch,BKID0000311,Imphal,Haryana,North,2010-11-15
BR0312,Hospet Branch,BKID0000312,Ajmer,Bihar,East,2002-07-22
BR0313,Tadepalligudem Branch,BKID0000313,Kulti,West Bengal,South,2019-08-03
BR0314,Gangtok Branch,BKID0000314,Jhansi,Tripura,South,2004-09-23
BR0315,Panchkula Branch,BKID0000315,Mehsana,Andhra Pradesh,North,2003-05-06
BR0316,Dibrugarh Branch,BKID0000316,New Delhi,Gujarat,East,2013-03-17
BR0317,Dhanbad Branch,BKID0000317,Shimla,Punjab,West,2019-03-10
BR0318,Baranagar Branch,BKID0000318,Moradabad,Maharashtra,South,2004-03-22
BR0319,Ambarnath Branch,BKID0000319,Ambarnath,Arunachal Pradesh,South,2009-07-21
BR0320,Mirzapur Branch,BKID0000320,Srinagar,Madhya Pradesh,South,2011-08-18
BR0321,Phagwara Branch,BKID0000321,Warangal,Bihar,South,2009-06-03
BR0322,Proddatur Branch,BKID0000322,Asansol,Gujarat,West,2013-08-04
BR0323,Orai Branch,BKID0000323,Ranchi,Arunachal Pradesh,North,2004-04-13
BR0324,Bhalswa Jahangir Pur Branch,BKID0000324,Jalgaon,Punjab,South,2019-05-28
BR0325,Khammam Branch,BKID0000325,Ujjain,Madhya Pradesh,East,2021-05-09
BR0326,Guntakal Branch,BKID0000326,Guna,Uttarakhand,West,2011-09-26
BR0327,Phusro Branch,BKID0000327,Fatehpur,Uttarakhand,South,2001-11-16
BR0328,Bhubaneswar Branch,BKID0000328,Ballia,Jharkhand,East,2017-06-23
BR0329,Kavali Branch,BKID0000329,Bilaspur,Rajasthan,South,2017-03-14
BR0330,Faridabad Branch,BKID0000330,Tirunelveli,Mizoram,North,2014-02-14
BR0331,Siliguri Branch,BKID0000331,Patna,Odisha,West,2020-07-03
BR0332,Jhansi Branch,BKID0000332,Gandhidham,Karnataka,North,2009-12-01
BR0333,Kurnool Branch,BKID0000333,Orai,Tripura,West,2013-10-09
BR0334,Ghaziabad Branch,BKID0000334,Kadapa,Gujarat,South,2012-10-04
BR0335,Hajipur Branch,BKID0000335,Satara,Goa,South,2010-09-26
BR0336,Bongaigaon Branch,BKID0000336,Bilaspur,Punjab,West,2011-03-24
BR0337,Alwar Branch,BKID0000337,Kamarhati,Jharkhand,East,2016-12-18
BR0338,Unnao Branch,BKID0000338,Nangloi Jat,Kerala,East,2012-10-01
BR0339,Tumkur Branch,BKID0000339,Chapra,Sikkim,South,2012-05-28
BR0340,Hapur Branch,BKID0000340,Ramagundam,Arunachal Pradesh,South,2007-04-18
BR0341,Sri Ganganagar Branch,BKID0000341,Bardhaman,Telangana,North,2011-02-15
BR0342,Siwan Branch,BKID0000342,Kishanganj,Tamil Nadu,South,2006-12-22
BR0343,Tadepalligudem Branch,BKID0000343,Latur,Arunachal Pradesh,West,2014-12-09
BR0344,Muzaffarpur Branch,BKID0000344,Salem,Maharashtra,East,2008-02-24
BR0345,Salem Branch,BKID0000345,Kolkata,Nagaland,East,2021-02-05
BR0346,Vellore Branch,BKID0000346,Morena,Rajasthan,North,2005-07-13
BR0347,Pondicherry Branch,BKID0000347,Allahabad,Tripura,East,2003-05-02
BR0348,Deoghar Branch,BKID0000348,Akola,Maharashtra,East,2019-03-09
BR0349,Vadodara Branch,BKID0000349,Shimla,Goa,West,2020-04-09
BR0350,Agra Branch,BKID0000350,Bihar Sharif,Odisha,East,2013-08-06
BR0351,Anantapuram Branch,BKID0000351,Tinsukia,Mizoram,North,2011-06-03
BR0352,Dibrugarh Branch,BKID0000352,Darbhanga,Gujarat,North,2017-09-19
BR0353,Ujjain Branch,BKID0000353,Bardhaman,Tamil Nadu,East,2005-04-07
BR0354,Sagar Branch,BKID0000354,Akola,Punjab,South,2018-08-31
BR0355,Purnia Branch,BKID0000355,Chandigarh,Madhya Pradesh,East,2014-12-05
BR0356,Kolhapur Branch,BKID0000356,North Dumdum,Haryana,North,2001-09-05
BR0357,Noida Branch,BKID0000357,Shimoga,Karnataka,North,2007-08-01
BR0358,Bhilwara Branch,BKID0000358,Noida,Arunachal Pradesh,West,2014-11-24
BR0359,Aizawl Branch,BKID0000359,Machilipatnam,Sikkim,East,2011-08-05
BR0360,Kochi Branch,BKID0000360,Arrah,Punjab,East,2005-12-17
BR0361,Morena Branch,BKID0000361,Malda,Telangana,West,2021-04-26
BR0362,Vijayanagaram Branch,BKID0000362,Siwan,Uttar Pradesh,North,2014-10-28
BR0363,Shahjahanpur Branch,BKID0000363,Hajipur,Manipur,West,2012-02-08
BR0364,Solapur Branch,BKID0000364,Ghaziabad,Uttarakhand,South,2012-06-30
BR0365,Chapra Branch,BKID0000365,Dehradun,Karnataka,East,2018-08-19
BR0366,Bhiwandi Branch,BKID0000366,Ballia,Meghalaya,North,2003-05-13
BR0367,Pimpri-Chinchwad Branch,BKID0000367,Mira-Bhayandar,Mizoram,West,2009-11-07
BR0368,Karaikudi Branch,BKID0000368,Aizawl,Telangana,North,2001-12-24
BR0369,Delhi Branch,BKID0000369,Adoni,Assam,South,2002-06-13
BR0370,Rajkot Branch,BKID0000370,Coimbatore,Meghalaya,East,2002-03-06
BR0371,Bokaro Branch,BKID0000371,Bidar,Kerala,West,2021-05-25
BR0372,Sultan Pur Majra Branch,BKID0000372,Gandhinagar,Assam,North,2015-03-13
BR0373,Karnal Branch,BKID0000373,Mangalore,Nagaland,East,2009-05-27
BR0374,Rajahmundry Branch,BKID0000374,Lucknow,Jharkhand,East,2010-10-20
BR0375,Katihar Branch,BKID0000375,Berhampur,Haryana,North,2010-10-03
BR0376,Bally Branch,BKID0000376,Gorakhpur,Arunachal Pradesh,East,2017-09-24
BR0377,Srikakulam Branch,BKID0000377,New Delhi,Gujarat,East,2002-11-21
BR0378,Amroha Branch,BKID0000378,Sambalpur,Telangana,West,2002-06-06
BR0379,Muzaffarpur Branch,BKID0000379,Pimpri-Chinchwad,Chhattisgarh,East,2011-08-15
BR0380,Muzaffarpur Branch,BKID0000380,Gangtok,Punjab,West,2016-12-28
BR0381,Patiala Branch,BKID0000381,Asansol,Sikkim,East,2011-12-20
BR0382,Dewas Branch,BKID0000382,Ghaziabad,Nagaland,South,2020-07-05
BR0383,Purnia Branch,BKID0000383,Nashik,Kerala,South,2020-05-16
BR0384,Loni Branch,BKID0000384,Erode,Maharashtra,West,2004-07-11
BR0385,Udaipur Branch,BKID0000385,New Delhi,West Bengal,West,2006-01-18
BR0386,Madhyamgram Branch,BKID0000386,Kishanganj,Maharashtra,South,2020-11-23
BR0387,Munger Branch,BKID0000387,Rohtak,Gujarat,East,2008-02-24
BR0388,Hospet Branch,BKID0000388,Tiruchirappalli,Nagaland,West,2016-01-13
BR0389,Faridabad Branch,BKID0000389,Burhanpur,Sikkim,North,2013-08-22
BR0390,Srinagar Branch,BKID0000390,Dharmavaram,Telangana,East,2014-12-21
BR0391,Nangloi Jat Branch,BKID0000391,Thoothukudi,Jharkhand,East,2020-09-06
BR0392,Rajpur Sonarpur Branch,BKID0000392,Kochi,Telangana,South,2021-07-13
BR0393,Latur Branch,BKID0000393,Sikar,Haryana,West,2012-08-01
BR0394,Nadiad Branch,BKID0000394,Deoghar,Rajasthan,East,2008-09-23
BR0395,Karimnagar Branch,BKID0000395,Kirari Suleman Nagar,Bihar,West,2017-08-06
BR0396,Imphal Branch,BKID0000396,Uluberia,Karnataka,West,2009-10-27
BR0397,Ulhasnagar Branch,BKID0000397,Bhilwara,Nagaland,West,2020-03-27
BR0398,Sagar Branch,BKID0000398,Thiruvananthapuram,Karnataka,South,2006-02-22
BR0399,Panchkula Branch,BKID0000399,Bardhaman,Tripura,West,2017-12-21
BR0400,Jaunpur Branch,BKID0000400,Nagercoil,Goa,South,2004-05-05
BR0401,Udaipur Branch,BKID0000401,Loni,Arunachal Pradesh,North,2018-04-28
BR0402,Nashik Branch,BKID0000402,Haridwar,Chhattisgarh,East,2018-05-23
BR0403,Jabalpur Branch,BKID0000403,Bangalore,Gujarat,East,2011-08-28
BR0404,Allahabad Branch,BKID0000404,Morbi,Andhra Pradesh,North,2001-09-04
BR0405,Ahmedabad Branch,BKID0000405,Bettiah,Telangana,South,2007-01-14
BR0406,Pune Branch,BKID0000406,Mangalore,Bihar,East,2019-11-26
BR0407,New Delhi Branch,BKID0000407,Udupi,Mizoram,South,2006-08-04
BR0408,Shimoga Branch,BKID0000408,Vijayawada,Kerala,South,2020-09-22
BR0409,Buxar Branch,BKID0000409,Kamarhati,Jharkhand,South,2015-03-23
BR0410,Patna Branch,BKID0000410,Machilipatnam,Madhya Pradesh,North,2009-01-31
BR0411,Pimpri-Chinchwad Branch,BKID0000411,Tirunelveli,Assam,North,2011-07-16
BR0412,Bathinda Branch,BKID0000412,Dehri,Arunachal Pradesh,South,2006-02-20
BR0413,Gopalpur Branch,BKID0000413,Aurangabad,Sikkim,West,2020-01-20
BR0414,Mangalore Branch,BKID0000414,Pune,Gujarat,North,2013-04-13
BR0415,Solapur Branch,BKID0000415,Ujjain,Odisha,West,2006-05-09
BR0416,Panvel Branch,BKID0000416,Yamunanagar,Tripura,West,2016-05-03
BR0417,Orai Branch,BKID0000417,Meerut,Bihar,South,2010-04-14
BR0418,Mau Branch,BKID0000418,Khammam,Andhra Pradesh,West,2014-03-23
BR0419,Pallavaram Branch,BKID0000419,Raurkela Industrial Township,Nagaland,West,2020-05-13
BR0420,Gaya Branch,BKID0000420,Guwahati,Tripura,West,2013-11-30
BR0421,Srinagar Branch,BKID0000421,Agartala,Chhattisgarh,South,2009-02-21
BR0422,Pali Branch,BKID0000422,Karimnagar,Bihar,South,2003-05-17
BR0423,Raiganj Branch,BKID0000423,Gopalpur,Bihar,North,2004-03-11
BR0424,Chinsurah Branch,BKID0000424,Proddatur,Nagaland,North,2011-10-16
BR0425,Indore Branch,BKID0000425,Raichur,Nagaland,West,2003-05-28
BR0426,Kharagpur Branch,BKID0000426,Jalna,Maharashtra,South,2009-04-19
BR0427,Karaikudi Branch,BKID0000427,Aurangabad,Mizoram,South,2004-12-07
BR0428,Gulbarga Branch,BKID0000428,Agartala,Jharkhand,West,2006-11-29
BR0429,Rajkot Branch,BKID0000429,Raebareli,Himachal Pradesh,North,2009-12-18
BR0430,Solapur Branch,BKID0000430,Chandrapur,Haryana,South,2015-12-17
BR0431,Hindupur Branch,BKID0000431,Berhampore,Bihar,North,2004-04-02
BR0432,Tenali Branch,BKID0000432,Udupi,Madhya Pradesh,West,2017-08-15
BR0433,Gandhidham Branch,BKID0000433,Chinsurah,Uttarakhand,South,2018-01-05
BR0434,Dewas Branch,BKID0000434,Madanapalle,Tamil Nadu,West,2005-07-24
BR0435,Belgaum Branch,BKID0000435,Imphal,Jharkhand,East,2016-03-28
BR0436,Ramgarh Branch,BKID0000436,Anantapur,Madhya Pradesh,West,2007-02-24
BR0437,Bharatpur Branch,BKID0000437,Phusro,Gujarat,West,2013-05-21
BR0438,Jamalpur Branch,BKID0000438,Surendranagar Dudhrej,Tamil Nadu,West,2005-09-26
BR0439,Coimbatore Branch,BKID0000439,Panchkula,Chhattisgarh,South,2014-03-17
BR0440,Nizamabad Branch,BKID0000440,Bhusawal,Uttar Pradesh,West,2009-01-30
BR0441,Khora  Branch,BKID0000441,Ballia,Madhya Pradesh,West,2012-03-25
BR0442,Tinsukia Branch,BKID0000442,Karimnagar,Tamil Nadu,East,2019-06-14
BR0443,Moradabad Branch,BKID0000443,Raichur,Goa,South,2014-06-25
BR0444,Phusro Branch,BKID0000444,Bathinda,Uttar Pradesh,East,2010-02-25
BR0445,Navi Mumbai Branch,BKID0000445,Korba,Mizoram,West,2016-06-24
BR0446,Amroha Branch,BKID0000446,Katni,Manipur,South,2016-12-27
BR0447,Hapur Branch,BKID0000447,Karawal Nagar,Bihar,East,2007-06-14
BR0448,Bhiwandi Branch,BKID0000448,Karnal,Jharkhand,West,2008-05-27
BR0449,Saharsa Branch,BKID0000449,Karnal,Meghalaya,North,2003-07-01
BR0450,Imphal Branch,BKID0000450,Dewas,Arunachal Pradesh,East,2017-09-29
BR0451,Lucknow Branch,BKID0000451,Moradabad,Sikkim,South,2017-07-17
BR0452,Hazaribagh Branch,BKID0000452,Suryapet,Goa,East,2008-02-29
BR0453,Surendranagar Dudhrej Branch,BKID0000453,Machilipatnam,Rajasthan,East,2005-03-26
BR0454,Tenali Branch,BKID0000454,Srikakulam,Gujarat,East,2010-07-14
BR0455,Pali Branch,BKID0000455,Kakinada,Gujarat,North,2007-02-10
BR0456,Gangtok Branch,BKID0000456,Jorhat,Goa,South,2008-11-09
BR0457,Berhampore Branch,BKID0000457,Firozabad,Sikkim,South,2018-10-17
BR0458,Kavali Branch,BKID0000458,Phagwara,Madhya Pradesh,South,2013-04-13
BR0459,Nagercoil Branch,BKID0000459,Tadipatri,Goa,West,2017-10-25
BR0460,Srikakulam Branch,BKID0000460,Guntur,Karnataka,South,2003-11-25
BR0461,Bhiwandi Branch,BKID0000461,Dindigul,Tamil Nadu,South,2004-05-15
BR0462,Gurgaon Branch,BKID0000462,Ramgarh,Madhya Pradesh,North,2010-01-01
BR0463,Siwan Branch,BKID0000463,Miryalaguda,Goa,West,2011-05-03
BR0464,Gaya Branch,BKID0000464,Hospet,Punjab,West,2002-08-13
BR0465,Bangalore Branch,BKID0000465,Bhavnagar,Gujarat,East,2017-11-05
BR0466,Alappuzha Branch,BKID0000466,Vijayanagaram,Tamil Nadu,West,2018-05-04
BR0467,Rourkela Branch,BKID0000467,Buxar,Andhra Pradesh,West,2017-06-17
BR0468,Jalna Branch,BKID0000468,Panipat,Haryana,North,2012-04-17
BR0469,Berhampore Branch,BKID0000469,Jamalpur,Mizoram,South,2003-10-22
BR0470,Agartala Branch,BKID0000470,Hosur,Uttarakhand,West,2016-09-04
BR0471,Bongaigaon Branch,BKID0000471,Khandwa,Bihar,West,2016-04-05
BR0472,Bihar Sharif Branch,BKID0000472,Hospet,Himachal Pradesh,North,2008-07-07
BR0473,Bahraich Branch,BKID0000473,Patiala,Gujarat,West,2017-10-03
BR0474,Phagwara Branch,BKID0000474,Dehradun,Punjab,West,2004-04-29
BR0475,Tiruppur Branch,BKID0000475,Jehanabad,Kerala,North,2012-03-09
BR0476,North Dumdum Branch,BKID0000476,Ramagundam,Odisha,East,2006-11-21
BR0477,Bhavnagar Branch,BKID0000477,Allahabad,Himachal Pradesh,East,2018-11-18
BR0478,Mira-Bhayandar Branch,BKID0000478,Ulhasnagar,Tamil Nadu,West,2007-12-26
BR0479,Singrauli Branch,BKID0000479,Ajmer,Odisha,West,2014-03-11
BR0480,Gandhinagar Branch,BKID0000480,Aurangabad,Rajasthan,South,2017-06-07
BR0481,Sambhal Branch,BKID0000481,Arrah,Manipur,West,2020-07-18
BR0482,Amaravati Branch,BKID0000482,Tiruchirappalli,Telangana,South,2020-12-25
BR0483,Rajkot Branch,BKID0000483,Bellary,Maharashtra,East,2018-01-14
BR0484,Agartala Branch,BKID0000484,Anantapuram,Karnataka,West,2012-06-27
BR0485,Buxar Branch,BKID0000485,Tiruvottiyur,Sikkim,West,2016-10-14
BR0486,Navi Mumbai Branch,BKID0000486,Pune,Bihar,North,2020-02-17
BR0487,Gandhidham Branch,BKID0000487,Mumbai,Maharashtra,West,2005-08-03
BR0488,Barasat Branch,BKID0000488,Panipat,Assam,East,2014-08-20
BR0489,Gwalior Branch,BKID0000489,Dehradun,Arunachal Pradesh,West,2009-06-20
BR0490,Muzaffarpur Branch,BKID0000490,Mysore,Tamil Nadu,South,2003-06-13
BR0491,Morena Branch,BKID0000491,Mira-Bhayandar,Odisha,West,2006-01-25
BR0492,Bangalore Branch,BKID0000492,Tiruvottiyur,Uttarakhand,South,2003-12-15
BR0493,Mira-Bhayandar Branch,BKID0000493,Madurai,Haryana,North,2009-03-15
BR0494,Kota Branch,BKID0000494,Arrah,Jharkhand,West,2004-04-14
BR0495,Asansol Branch,BKID0000495,Bettiah,Odisha,North,2001-09-17
BR0496,Gandhidham Branch,BKID0000496,Kakinada,Rajasthan,North,2016-07-04
BR0497,Tadepalligudem Branch,BKID0000497,Bellary,Assam,West,2019-06-22
BR0498,Amravati Branch,BKID0000498,Etawah,Maharashtra,South,2007-11-01
BR0499,Shahjahanpur Branch,BKID0000499,Guwahati,Haryana,West,2012-08-11
BR0500,Indore Branch,BKID0000500,Tiruppur,Mizoram,South,2013-09-05
